Date,Solidary,Anti-Solidary,Other,10 most common hashtags
2019-09-01,423,130,73,refugees: 255	refugeeswelcome: 106	asylumseekers: 79	refugee: 69	auspol: 48	letthemstay: 44	hometobilo: 40	seenotrettung: 40	flüchtlinge: 33	afd: 27	
2019-09-02,567,114,129,refugees: 344	refugee: 113	seenotrettung: 109	refugeeswelcome: 86	asylumseekers: 77	auspol: 66	eleonore: 63	migrants: 40	leavenoonebehind: 34	asylum: 29	
2019-09-03,527,130,126,refugees: 334	refugee: 125	refugeeswelcome: 85	leavenoonebehind: 60	seenotrettung: 56	flüchtlinge: 49	asylumseekers: 47	auspol: 42	wirschaffendas: 24	immigration: 23	
2019-09-04,587,144,121,refugees: 394	refugeeswelcome: 112	rohingya: 99	refugee: 95	flüchtlinge: 75	leavenoonebehind: 54	merkel: 41	seenotrettung: 38	asylumseekers: 31	immigration: 25	
2019-09-05,602,219,194,refugees: 357	flüchtlinge: 192	refugee: 120	refugeeswelcome: 96	leavenoonebehind: 63	asylumseekers: 60	merkel: 51	fluechtlinge: 47	seenotrettung: 44	auspol: 43	
2019-09-06,557,144,142,refugees: 332	refugee: 116	refugeeswelcome: 112	flüchtlinge: 84	leavenoonebehind: 71	asylumseekers: 63	merkel: 39	seenotrettung: 38	immigration: 34	migration: 30	
2019-09-07,348,110,96,refugees: 220	refugee: 89	refugeeswelcome: 69	flüchtlinge: 49	seenotrettung: 34	asylumseekers: 28	auspol: 26	merkel: 21	immigration: 20	leavenoonebehind: 20	
2019-09-08,320,142,80,refugees: 223	flüchtlinge: 66	refugeeswelcome: 63	refugee: 53	seenotrettung: 36	asylumseekers: 31	wirschaffendas: 30	eu: 24	auspol: 22	migrants: 20	
2019-09-09,543,122,153,refugees: 364	refugee: 110	refugeeswelcome: 106	leavenoonebehind: 60	flüchtlinge: 60	asylumseekers: 44	seenotrettung: 34	immigration: 29	trump: 26	migration: 25	
2019-09-10,613,93,121,refugees: 383	refugeeswelcome: 122	leavenoonebehind: 107	refugee: 103	sautiug: 39	asylumseekers: 36	libya: 34	flüchtlinge: 33	migrants: 31	seenotrettung: 29	
2019-09-11,548,119,145,refugees: 318	refugee: 110	refugeeswelcome: 107	leavenoonebehind: 72	seenotrettung: 65	flüchtlinge: 51	eu: 31	asylumseekers: 26	rwanda: 24	asylumseeker: 23	
2019-09-12,857,164,200,refugees: 364	seenotrettung: 278	refugeeswelcome: 154	refugee: 107	asylumseekers: 106	leavenoonebehind: 93	flüchtlinge: 60	ekd: 51	asylum: 39	immigration: 39	
2019-09-13,476,105,134,refugees: 159	refugeeswelcome: 115	seenotrettung: 110	refugee: 109	leavenoonebehind: 66	asylumseekers: 56	flüchtlinge: 54	immigration: 19	asylum: 19	ekd: 17	
2019-09-14,327,173,95,refugees: 208	flüchtlinge: 81	refugeeswelcome: 67	seenotrettung: 57	refugee: 53	fluechtlinge: 44	migration: 38	seehofer: 35	immigration: 33	asylumseekers: 31	
2019-09-15,284,119,80,refugees: 185	refugeeswelcome: 67	refugee: 45	seenotrettung: 43	leavenoonebehind: 39	flüchtlinge: 38	immigration: 32	asylumseekers: 27	maga: 21	migrants: 18	
2019-09-16,415,152,129,refugees: 264	refugee: 85	leavenoonebehind: 82	refugeeswelcome: 78	flüchtlinge: 53	asylumseekers: 45	seenotrettung: 42	fluechtlinge: 29	afd: 23	immigration: 22	
2019-09-17,555,127,172,refugees: 287	leavenoonebehind: 142	refugee: 102	refugeeswelcome: 98	flüchtlinge: 92	seenotrettung: 52	asylumseekers: 49	migrants: 42	mapability: 38	immigration: 31	
2019-09-18,505,132,124,refugees: 278	refugeeswelcome: 93	refugee: 84	leavenoonebehind: 84	flüchtlinge: 56	asylumseekers: 54	seenotrettung: 45	migrants: 30	migration: 29	eu: 27	
2019-09-19,557,153,150,refugees: 300	refugee: 104	leavenoonebehind: 100	seenotrettung: 98	refugeeswelcome: 81	flüchtlinge: 81	seehofer: 61	asylumseekers: 54	migration: 32	immigration: 25	
2019-09-20,527,120,117,refugees: 288	leavenoonebehind: 106	refugee: 89	refugeeswelcome: 85	seenotrettung: 46	flüchtlinge: 45	asylumseekers: 43	migrants: 40	fluechtlinge: 33	climatestrike: 30	
2019-09-21,293,84,83,refugees: 159	leavenoonebehind: 78	refugeeswelcome: 69	refugee: 49	flüchtlinge: 29	asylumseekers: 24	immigration: 18	wirschaffendas: 16	migration: 16	seenotrettung: 16	
2019-09-22,333,93,78,refugees: 179	leavenoonebehind: 76	refugeeswelcome: 70	seenotrettung: 52	refugee: 46	flüchtlinge: 40	migrants: 18	wirschaffendas: 17	rohingya: 16	immigration: 14	
2019-09-23,729,146,163,refugees: 327	leavenoonebehind: 191	seenotrettung: 180	refugee: 107	refugeeswelcome: 104	healthforall: 74	unga: 55	flüchtlinge: 52	uhc: 45	asylumseekers: 45	
2019-09-24,606,103,122,refugees: 304	leavenoonebehind: 214	refugeeswelcome: 87	refugee: 84	globalgoals: 48	unga: 43	seenotrettung: 43	sdgs: 42	asylumseekers: 41	healthforall: 35	
2019-09-25,645,69,140,refugees: 284	leavenoonebehind: 233	refugeeswelcome: 103	refugee: 102	sdgs: 65	asylumseekers: 41	unga: 34	flüchtlinge: 33	act4sdgs: 32	seenotrettung: 31	
2019-09-26,857,113,146,refugees: 371	refugeeswelcome: 298	leavenoonebehind: 145	refugee: 119	standwithrefugees: 77	seenotrettung: 59	welcome95k: 54	migrants: 40	asylumseekers: 39	immigration: 39	
2019-09-27,831,111,166,refugees: 415	refugeeswelcome: 258	refugee: 171	leavenoonebehind: 100	seenotrettung: 54	standwithrefugees: 51	flüchtlinge: 47	asylumseekers: 40	immigration: 32	migrants: 31	
2019-09-28,621,60,90,leavenoonebehind: 294	iesogi: 226	globalcitizen: 226	refugees: 210	refugeeswelcome: 116	refugee: 46	flüchtlinge: 34	immigration: 24	migrants: 19	asylumseekers: 19	
2019-09-29,822,109,86,leavenoonebehind: 465	iesogi: 432	globalcitizen: 431	refugees: 263	refugeeswelcome: 71	migrants: 69	refugee: 65	flüchtlinge: 51	moria: 27	seenotrettung: 25	
2019-09-30,1300,109,124,refugeeswelcome: 569	leavenoonebehind: 365	refugees: 349	iesogi: 295	globalcitizen: 295	refugee: 107	migrants: 75	flüchtlinge: 58	moria: 49	greece: 44	
2019-10-01,890,106,124,refugees: 347	refugeeswelcome: 262	leavenoonebehind: 254	iesogi: 181	globalcitizen: 181	refugee: 129	migrants: 50	flüchtlinge: 47	asylumseekers: 40	greece: 29	
2019-10-02,1007,83,115,leavenoonebehind: 486	iesogi: 399	globalcitizen: 399	refugees: 341	refugeeswelcome: 145	refugee: 134	migrants: 45	asylumseekers: 43	flüchtlinge: 32	immigration: 31	
2019-10-03,773,79,142,refugees: 374	leavenoonebehind: 235	iesogi: 143	globalcitizen: 143	refugeeswelcome: 119	refugee: 114	asylumseekers: 61	seenotrettung: 52	migrants: 37	flüchtlinge: 34	
2019-10-04,626,92,136,refugees: 297	leavenoonebehind: 160	refugeeswelcome: 143	refugee: 127	globalcitizen: 91	iesogi: 90	flüchtlinge: 46	asylumseekers: 41	eu: 39	seenotrettung: 32	
2019-10-05,377,85,74,refugees: 181	leavenoonebehind: 98	refugeeswelcome: 80	refugee: 70	globalcitizen: 69	iesogi: 68	flüchtlinge: 46	seenotrettung: 30	asylumseekers: 23	seehofer: 22	
2019-10-06,333,126,79,refugees: 174	leavenoonebehind: 77	refugeeswelcome: 73	flüchtlinge: 62	refugee: 59	iesogi: 55	globalcitizen: 55	seehofer: 51	seenotrettung: 29	migration: 23	
2019-10-07,586,73,118,refugees: 295	leavenoonebehind: 130	refugeeswelcome: 120	refugee: 108	iesogi: 71	globalcitizen: 71	seenotrettung: 38	syria: 36	flüchtlinge: 35	asylumseekers: 33	
2019-10-08,669,192,160,refugees: 332	leavenoonebehind: 173	refugee: 110	refugeeswelcome: 109	iesogi: 87	globalcitizen: 87	flüchtlinge: 83	seenotrettung: 78	asylumseekers: 67	seehofer: 61	
2019-10-09,631,124,137,refugees: 337	leavenoonebehind: 181	refugee: 98	refugeeswelcome: 95	iesogi: 83	globalcitizen: 83	syria: 68	turkey: 62	asylumseekers: 52	flüchtlinge: 41	
2019-10-10,677,138,143,refugees: 441	leavenoonebehind: 174	syria: 103	refugee: 101	erdogan: 90	turkey: 83	flüchtlinge: 73	refugeeswelcome: 70	eu: 65	iesogi: 55	
2019-10-11,647,115,132,refugees: 365	leavenoonebehind: 181	refugeeswelcome: 112	iesogi: 88	globalcitizen: 88	refugee: 86	turkey: 58	syria: 55	asylumseekers: 46	eu: 45	
2019-10-12,367,95,72,refugees: 226	leavenoonebehind: 84	refugeeswelcome: 68	refugee: 53	syria: 46	flüchtlinge: 43	iesogi: 39	globalcitizen: 39	asylumseekers: 25	turkey: 23	
2019-10-13,346,104,68,refugees: 232	refugeeswelcome: 68	leavenoonebehind: 63	refugee: 60	flüchtlinge: 40	iesogi: 38	globalcitizen: 38	turkey: 24	syria: 24	immigration: 22	
2019-10-14,489,90,82,refugees: 294	leavenoonebehind: 110	refugee: 82	refugeeswelcome: 75	iesogi: 47	globalcitizen: 47	turkey: 42	syria: 35	eu: 26	migrants: 23	
2019-10-15,747,87,127,refugees: 386	leavenoonebehind: 206	refugeeswelcome: 175	refugee: 100	globalcitizen: 71	iesogi: 70	syria: 41	flüchtlinge: 38	turkey: 34	cleanhandsforall: 32	
2019-10-16,651,80,130,refugees: 362	leavenoonebehind: 178	refugeeswelcome: 123	refugee: 96	iesogi: 68	globalcitizen: 68	flüchtlinge: 41	migrants: 36	immigration: 32	syria: 29	
2019-10-17,632,107,149,refugees: 375	leavenoonebehind: 181	refugeeswelcome: 95	refugee: 92	flüchtlinge: 53	iesogi: 52	globalcitizen: 52	eu: 40	endpoverty: 38	turkey: 35	
2019-10-18,565,83,113,refugees: 332	leavenoonebehind: 138	refugeeswelcome: 93	refugee: 75	flüchtlinge: 42	syria: 41	iesogi: 37	globalcitizen: 37	migrants: 30	asylumseekers: 21	
2019-10-19,331,76,61,refugees: 198	refugeeswelcome: 80	leavenoonebehind: 58	refugee: 42	iesogi: 29	globalcitizen: 29	flüchtlinge: 26	bremen: 25	hb1910: 23	asylumseekers: 20	
2019-10-20,271,92,68,refugees: 183	refugeeswelcome: 50	flüchtlinge: 45	refugee: 42	leavenoonebehind: 42	iesogi: 26	globalcitizen: 26	syria: 19	migrants: 19	fluechtlinge: 16	
2019-10-21,481,104,101,refugees: 263	refugeeswelcome: 98	refugee: 88	leavenoonebehind: 78	asylumseekers: 44	iesogi: 38	globalcitizen: 38	flüchtlinge: 38	migration: 34	syria: 34	
2019-10-22,568,109,133,refugees: 346	leavenoonebehind: 121	refugeeswelcome: 106	refugee: 97	flüchtlinge: 53	asylumseekers: 45	iesogi: 36	globalcitizen: 36	migrants: 34	syria: 29	
2019-10-23,692,108,117,refugees: 370	refugeeswelcome: 150	leavenoonebehind: 130	refugee: 102	flüchtlinge: 56	asylumseekers: 49	iesogi: 43	globalcitizen: 43	migrants: 42	seenotrettung: 36	
2019-10-24,715,105,110,refugees: 364	leavenoonebehind: 140	refugeeswelcome: 137	refugee: 122	asylumseekers: 52	unday: 52	seenotrettung: 45	flüchtlinge: 44	migrants: 40	migration: 31	
2019-10-25,629,114,111,refugees: 348	refugeeswelcome: 124	refugee: 104	leavenoonebehind: 98	seenotrettung: 94	migrants: 47	asylumseekers: 37	syria: 36	flüchtlinge: 35	eu: 31	
2019-10-26,377,71,77,refugees: 182	refugeeswelcome: 110	seenotrettung: 70	leavenoonebehind: 42	refugee: 42	flüchtlinge: 29	alankurdi: 29	migrants: 28	asylumseekers: 26	immigration: 24	
2019-10-27,299,72,65,refugees: 186	refugeeswelcome: 62	refugee: 55	leavenoonebehind: 47	seenotrettung: 29	flüchtlinge: 26	migrants: 23	turkey: 19	eu: 18	humanrights: 16	
2019-10-28,492,92,112,refugees: 211	leavenoonebehind: 144	refugee: 104	refugeeswelcome: 93	iesogi: 75	globalcitizen: 75	flüchtlinge: 43	seenotrettung: 29	eu: 28	asylumseekers: 27	
2019-10-29,496,88,114,refugees: 268	leavenoonebehind: 109	refugee: 95	refugeeswelcome: 80	iesogi: 37	globalcitizen: 37	asylumseekers: 36	migration: 32	migrants: 26	seenotrettung: 26	
2019-10-30,615,159,152,refugees: 452	leavenoonebehind: 105	refugeeswelcome: 102	refugee: 94	seenotrettung: 57	asylumseekers: 50	iesogi: 46	globalcitizen: 46	capetown: 43	flüchtlinge: 42	
2019-10-31,582,113,113,refugees: 346	leavenoonebehind: 112	refugee: 102	refugeeswelcome: 88	flüchtlinge: 45	seenotrettung: 42	asylumseekers: 39	migrants: 35	iesogi: 35	globalcitizen: 35	
2019-11-01,469,72,114,refugees: 266	leavenoonebehind: 110	refugee: 87	refugeeswelcome: 76	iesogi: 49	globalcitizen: 49	flüchtlinge: 30	seenotrettung: 29	greece: 29	asylumseekers: 27	
2019-11-02,299,74,62,refugees: 169	refugeeswelcome: 71	refugee: 56	leavenoonebehind: 46	flüchtlinge: 30	seenotrettung: 20	iesogi: 19	globalcitizen: 19	asylumseekers: 18	migration: 18	
2019-11-03,331,115,86,refugees: 197	refugeeswelcome: 74	refugee: 66	flüchtlinge: 46	leavenoonebehind: 43	asylumseekers: 35	seenotrettung: 32	wirschaffendas: 26	eu: 23	migration: 21	
2019-11-04,493,102,108,refugees: 246	leavenoonebehind: 114	refugeeswelcome: 94	refugee: 89	iesogi: 51	globalcitizen: 51	asylumseekers: 49	flüchtlinge: 45	seenotrettung: 38	migration: 25	
2019-11-05,438,78,115,refugees: 238	leavenoonebehind: 110	refugee: 87	refugeeswelcome: 82	globalcitizen: 47	iesogi: 46	migrants: 26	flüchtlinge: 26	asylumseekers: 23	flüchtling: 19	
2019-11-06,529,90,104,refugees: 278	refugeeswelcome: 135	leavenoonebehind: 88	refugee: 85	flüchtlinge: 39	asylumseekers: 35	iesogi: 26	globalcitizen: 26	refugeecrisis: 23	greece: 22	
2019-11-07,523,88,115,refugees: 304	refugeeswelcome: 105	leavenoonebehind: 99	refugee: 95	flüchtlinge: 39	asylumseekers: 32	migrants: 27	iesogi: 24	globalcitizen: 24	turkey: 24	
2019-11-08,504,87,94,refugees: 247	leavenoonebehind: 138	refugeeswelcome: 94	refugee: 79	iesogi: 71	globalcitizen: 71	asylumseekers: 43	flüchtlinge: 41	migrants: 21	syria: 20	
2019-11-09,490,54,68,refugees: 205	leavenoonebehind: 180	iesogi: 144	globalcitizen: 144	refugeeswelcome: 98	refugee: 64	auspol: 30	asylumseekers: 23	savemedevac: 23	migrants: 22	
2019-11-10,346,109,67,refugees: 196	leavenoonebehind: 80	refugeeswelcome: 55	refugee: 51	auspol: 41	savemedevac: 39	flüchtlinge: 33	asylumseekers: 31	globalcitizen: 29	seenotrettung: 29	
2019-11-11,462,61,100,refugees: 237	leavenoonebehind: 152	refugee: 79	refugeeswelcome: 69	iesogi: 48	globalcitizen: 48	flüchtlinge: 29	migrants: 25	asylumseekers: 21	seenotrettung: 21	
2019-11-12,459,114,98,refugees: 221	leavenoonebehind: 144	refugee: 87	refugeeswelcome: 67	flüchtlinge: 61	iesogi: 31	globalcitizen: 31	education: 29	wirschaffendas: 26	asylumseekers: 24	
2019-11-13,541,72,113,refugees: 242	leavenoonebehind: 168	refugee: 92	refugeeswelcome: 83	asylumseekers: 50	iesogi: 32	globalcitizen: 32	flüchtlinge: 31	migrants: 30	icpd25: 25	
2019-11-14,624,91,125,refugees: 342	leavenoonebehind: 153	refugee: 101	refugeeswelcome: 94	asylumseekers: 79	iesogi: 52	globalcitizen: 51	manus: 36	flüchtlinge: 32	auspol: 30	
2019-11-15,570,137,95,refugees: 402	leavenoonebehind: 129	refugeeswelcome: 79	refugee: 62	asylumseekers: 49	flüchtlinge: 41	iesogi: 41	globalcitizen: 41	seenotrettung: 28	migrants: 27	
2019-11-16,305,66,55,refugees: 156	leavenoonebehind: 75	refugeeswelcome: 51	refugee: 45	asylumseekers: 40	iesogi: 35	globalcitizen: 35	flüchtlinge: 26	migrants: 21	immigration: 15	
2019-11-17,290,60,49,refugees: 159	leavenoonebehind: 55	refugeeswelcome: 55	asylumseekers: 44	refugee: 43	flüchtlinge: 24	auspol: 20	iesogi: 16	globalcitizen: 16	rohingya: 13	
2019-11-18,506,69,93,refugees: 267	leavenoonebehind: 122	refugeeswelcome: 85	refugee: 85	asylumseekers: 52	worldtoiletday: 34	iesogi: 26	globalcitizen: 26	migration: 23	migrants: 20	
2019-11-19,981,108,150,leavenoonebehind: 485	refugees: 294	worldtoiletday: 270	refugeeswelcome: 127	asylumseekers: 116	refugee: 91	saveasylum: 77	flüchtlinge: 62	ge2019: 54	sdg6: 49	
2019-11-20,674,81,113,refugees: 302	leavenoonebehind: 189	refugee: 109	refugeeswelcome: 101	worldchildrensday: 73	asylumseekers: 70	flüchtlinge: 46	crc30: 33	immigration: 33	globalcitizen: 32	
2019-11-21,701,84,115,refugees: 325	refugeeswelcome: 169	leavenoonebehind: 136	refugee: 117	asylumseekers: 76	migrants: 50	immigration: 43	flüchtlinge: 43	migration: 34	greece: 25	
2019-11-22,537,80,101,refugees: 269	leavenoonebehind: 116	refugee: 90	refugeeswelcome: 87	asylumseekers: 72	immigration: 43	flüchtlinge: 34	migration: 32	migrants: 29	seenotrettung: 23	
2019-11-23,312,67,57,refugees: 150	refugeeswelcome: 72	leavenoonebehind: 54	refugee: 49	asylumseekers: 44	immigration: 30	migrants: 24	flüchtlinge: 20	iesogi: 17	globalcitizen: 17	
2019-11-24,332,97,63,refugees: 191	refugeeswelcome: 77	refugee: 61	asylumseekers: 43	flüchtlinge: 37	leavenoonebehind: 35	immigration: 29	migrants: 26	wirschaffendas: 21	seenotrettung: 20	
2019-11-25,500,67,98,refugees: 224	refugee: 132	leavenoonebehind: 123	refugeeswelcome: 90	asylumseekers: 42	flüchtlinge: 41	iesogi: 28	globalcitizen: 28	migrants: 20	orangetheworld: 20	
2019-11-26,531,71,125,refugees: 312	leavenoonebehind: 111	refugee: 103	refugeeswelcome: 81	asylumseekers: 55	kaldor19: 37	immigration: 27	flüchtlinge: 26	auspol: 24	journeystobelonging: 22	
2019-11-27,482,95,110,refugees: 297	leavenoonebehind: 94	refugee: 92	refugeeswelcome: 60	flüchtlinge: 47	asylumseekers: 40	auspol: 21	medevac: 20	migrants: 18	immigration: 18	
2019-11-28,489,94,110,refugees: 263	refugee: 113	leavenoonebehind: 108	refugeeswelcome: 80	flüchtlinge: 39	asylumseekers: 38	migrants: 25	seenotrettung: 24	thanksgiving: 22	immigrants: 22	
2019-11-29,385,76,61,refugees: 194	leavenoonebehind: 99	refugeeswelcome: 71	refugee: 59	flüchtlinge: 21	wirschaffendas: 18	ge2019: 17	seenotrettung: 16	asylumseekers: 15	iesogi: 15	
2019-11-30,275,42,59,refugees: 163	refugee: 57	refugeeswelcome: 50	leavenoonebehind: 44	flüchtlinge: 23	asylumseekers: 12	immigration: 11	syria: 10	uk: 10	iesogi: 10	
2019-12-01,333,81,48,refugees: 174	leavenoonebehind: 94	refugee: 58	refugeeswelcome: 40	flüchtlinge: 37	asylumseekers: 24	worldaidsday: 22	migrants: 21	seenotrettung: 16	iesogi: 15	
2019-12-02,445,79,105,refugees: 272	leavenoonebehind: 110	refugee: 72	refugeeswelcome: 50	flüchtlinge: 44	migrants: 32	asylumseekers: 29	auspol: 28	seenotrettung: 26	migration: 22	
2019-12-03,1116,80,111,leavenoonebehind: 533	refugees: 398	givingtuesday: 168	refugeeswelcome: 134	refugee: 125	idpd: 94	idpd2019: 86	sdgs: 43	flüchtlinge: 39	idpwd: 37	
2019-12-04,772,142,161,refugees: 488	leavenoonebehind: 175	auspol: 129	medevac: 119	refugeeswelcome: 113	refugee: 104	asylumseekers: 93	flüchtlinge: 55	nauru: 37	manus: 35	
2019-12-05,631,72,133,refugees: 321	leavenoonebehind: 226	refugee: 88	refugeeswelcome: 82	twendekazinasdgs: 56	asylumseekers: 49	sdgs: 48	flüchtlinge: 40	sdgskenya: 38	auspol: 35	
2019-12-06,518,52,115,refugees: 243	leavenoonebehind: 169	refugee: 93	refugeeswelcome: 70	asylumseekers: 35	seenotrettung: 31	twendekazinasdgs: 27	flüchtlinge: 25	sdgs: 24	iesogi: 23	
2019-12-07,269,62,55,refugees: 153	leavenoonebehind: 69	refugeeswelcome: 59	refugee: 34	asylumseekers: 17	immigration: 16	iesogi: 14	globalcitizen: 14	auspol: 13	migrants: 12	
2019-12-08,305,107,68,refugees: 184	leavenoonebehind: 69	refugeeswelcome: 61	refugee: 51	flüchtlinge: 39	remigration: 20	wirschaffendas: 18	augsburg: 18	immigration: 16	asylumseekers: 16	
2019-12-09,563,107,82,refugees: 329	leavenoonebehind: 120	refugee: 112	refugeeswelcome: 87	flüchtlinge: 42	asylumseekers: 30	christmas: 23	migrants: 22	migration: 22	immigration: 20	
2019-12-10,826,89,127,refugees: 381	leavenoonebehind: 253	humanrightsday: 153	refugeeswelcome: 141	refugee: 141	endstigmaug: 62	humanrights: 44	migrants: 43	standup4humanrights: 38	humanrightsday2019: 32	
2019-12-11,509,93,104,refugees: 317	refugee: 114	leavenoonebehind: 99	refugeeswelcome: 69	flüchtlinge: 46	rohingya: 27	migration: 22	healthforall: 21	migrants: 19	asylumseekers: 18	
2019-12-12,655,81,105,leavenoonebehind: 299	refugees: 269	healthforall: 187	uhcday: 165	keepthepromise: 113	refugee: 102	refugeeswelcome: 61	uhc: 39	uhcday2019: 32	asylumseekers: 25	
2019-12-13,435,86,106,refugees: 251	refugeeswelcome: 82	leavenoonebehind: 80	refugee: 79	exiteu: 36	britishindependence: 34	leaveeu: 34	ge2019: 33	loveeurope: 33	flüchtlinge: 29	
2019-12-14,329,77,61,refugees: 178	refugeeswelcome: 71	refugee: 53	seenotrettung: 32	flüchtlinge: 31	leavenoonebehind: 29	standwithrefugees: 22	turkey: 19	exiteu: 16	standwithiraqirefugees: 16	
2019-12-15,287,77,63,refugees: 193	refugee: 69	refugeeswelcome: 39	flüchtlinge: 34	seenotrettung: 27	usa: 26	resettlement: 26	canada: 23	iranianrefugeesinturkey: 22	resettlement4iranian: 22	
2019-12-16,735,98,134,refugees: 531	refugeeforum: 247	refugee: 174	leavenoonebehind: 74	refugeeswelcome: 73	globalrefugeeforum: 54	flüchtlinge: 49	everyonecounts: 48	migration: 30	withrefugees: 28	
2019-12-17,938,127,136,refugees: 674	refugeeforum: 269	refugee: 198	refugeeswelcome: 135	leavenoonebehind: 79	flüchtlinge: 65	globalrefugeeforum: 58	everyonecounts: 50	migrants: 39	unhcr: 38	
2019-12-18,906,149,141,refugees: 566	refugee: 214	refugeeforum: 203	refugeeswelcome: 116	migrants: 90	leavenoonebehind: 85	migrantsday: 85	flüchtlinge: 81	asylumseekers: 63	internationalmigrantsday: 56	
2019-12-19,516,104,109,refugees: 311	refugee: 118	leavenoonebehind: 89	refugeeswelcome: 77	flüchtlinge: 36	refugeeforum: 34	seenotrettung: 33	humanrights: 31	migrants: 29	asylumseekers: 21	
2019-12-20,517,97,85,refugees: 290	refugeeswelcome: 104	leavenoonebehind: 95	refugee: 93	flüchtlinge: 33	immigration: 26	asylumseekers: 23	refugeeforum: 23	migrants: 19	migration: 19	
2019-12-21,370,108,62,refugees: 228	refugeeswelcome: 101	refugee: 84	leavenoonebehind: 50	flüchtlinge: 33	merkel: 26	islam: 25	refugeesnotwelcome: 25	islamismus: 23	islamicterrorism: 23	
2019-12-22,309,143,63,refugees: 192	flüchtlinge: 79	refugeeswelcome: 70	refugee: 57	habeck: 38	leavenoonebehind: 30	fluechtlinge: 27	griechenland: 22	syria: 21	asylumseekers: 21	
2019-12-23,639,274,102,refugeeswelcome: 401	refugees: 229	flüchtlinge: 146	habeck: 117	refugee: 76	fluechtlinge: 69	leavenoonebehind: 53	griechenland: 45	asylumseekers: 27	weihnachten: 25	
2019-12-24,411,112,77,refugees: 214	refugeeswelcome: 113	refugee: 66	flüchtlinge: 59	leavenoonebehind: 46	habeck: 38	fluechtlinge: 38	seenotrettung: 28	christmas: 25	seehofer: 25	
2019-12-25,370,131,64,refugees: 221	flüchtlinge: 105	refugeeswelcome: 69	refugee: 47	christmas: 38	seenotrettung: 33	fluechtlinge: 29	leavenoonebehind: 25	asylumseekers: 18	immigrants: 18	
2019-12-26,311,127,70,refugees: 173	refugeeswelcome: 71	flüchtlinge: 66	refugee: 60	leavenoonebehind: 51	fluechtlinge: 25	immigration: 18	eu: 18	asylumseekers: 17	migration: 16	
2019-12-27,260,125,59,refugees: 153	flüchtlinge: 72	refugee: 60	refugeeswelcome: 52	leavenoonebehind: 30	fluechtlinge: 18	seenotrettung: 18	immigration: 17	syria: 15	migrants: 15	
2019-12-28,236,90,57,refugees: 141	leavenoonebehind: 43	refugee: 42	flüchtlinge: 41	refugeeswelcome: 40	iesogi: 22	globalcitizen: 22	seenotrettung: 21	syria: 19	immigration: 13	
2019-12-29,233,83,51,refugees: 158	refugee: 37	refugeeswelcome: 36	flüchtlinge: 32	leavenoonebehind: 25	humanrights: 20	iranianrefugeesinturkey: 20	resettlement4iranian: 19	seenotrettung: 18	fluechtlinge: 17	
2019-12-30,305,74,78,refugees: 187	refugeeswelcome: 78	refugee: 43	leavenoonebehind: 35	flüchtlinge: 31	seenotrettung: 19	immigration: 19	asylumseekers: 19	syria: 15	standwithrefugees: 13	
2019-12-31,341,77,64,refugees: 199	refugeeswelcome: 70	refugee: 52	leavenoonebehind: 52	flüchtlinge: 26	migrants: 19	asylumseekers: 17	christians: 17	immigration: 16	humanrights: 15	
2020-01-01,194,60,42,refugees: 131	refugeeswelcome: 50	flüchtlinge: 22	refugee: 21	leavenoonebehind: 21	seenotrettung: 11	asylumseekers: 10	migrants: 10	remigration: 10	australia: 10	
2020-01-02,326,73,83,refugees: 220	refugeeswelcome: 75	refugee: 50	leavenoonebehind: 46	flüchtlinge: 26	asylumseekers: 25	immigration: 21	syria: 18	sdgs: 17	turkey: 15	
2020-01-03,286,75,61,refugees: 197	refugeeswelcome: 55	refugee: 55	leavenoonebehind: 25	asylumseekers: 24	auspol: 22	flüchtlinge: 22	immigration: 18	seenotrettung: 13	migration: 12	
2020-01-04,305,102,73,refugees: 195	seenotrettung: 74	refugeeswelcome: 72	refugee: 42	leavenoonebehind: 29	flüchtlinge: 22	ekd: 22	auspol: 20	bedfordstrohm: 17	migration: 15	
2020-01-05,278,93,59,refugees: 173	seenotrettung: 69	refugeeswelcome: 68	refugee: 42	flüchtlinge: 26	kurz: 19	asylumseekers: 19	leavenoonebehind: 17	migrants: 16	immigration: 15	
2020-01-06,351,88,71,refugees: 226	refugeeswelcome: 83	refugee: 69	seenotrettung: 34	flüchtlinge: 31	leavenoonebehind: 28	immigration: 20	migrants: 20	migration: 17	asylumseekers: 16	
2020-01-07,488,94,100,refugees: 264	seenotrettung: 140	refugeeswelcome: 93	refugee: 66	leavenoonebehind: 59	lifeline: 39	flüchtlinge: 32	asylumseekers: 31	migrants: 25	immigration: 24	
2020-01-08,499,102,102,refugees: 283	refugeeswelcome: 143	refugee: 90	seenotrettung: 74	leavenoonebehind: 47	immigration: 39	flüchtlinge: 31	migrants: 24	migration: 22	asylumseekers: 20	
2020-01-09,473,91,94,refugees: 301	refugeeswelcome: 105	refugee: 93	leavenoonebehind: 45	seenotrettung: 35	flüchtlinge: 30	migrants: 29	asylumseekers: 24	immigration: 18	brexit: 13	
2020-01-10,548,133,91,refugees: 339	refugeeswelcome: 155	refugee: 96	seenotrettung: 67	leavenoonebehind: 46	texas: 41	flüchtlinge: 34	migrants: 21	immigration: 20	asylumseekers: 16	
2020-01-11,498,94,64,refugees: 317	refugeeswelcome: 127	refugee: 69	texas: 62	leavenoonebehind: 34	seenotrettung: 27	brexit: 24	asylumseekers: 21	greece: 21	flüchtlinge: 20	
2020-01-12,339,82,56,refugees: 224	refugeeswelcome: 71	refugee: 58	leavenoonebehind: 28	flüchtlinge: 26	seenotrettung: 26	immigration: 19	texas: 19	asylumseekers: 17	migrants: 17	
2020-01-13,516,101,116,refugees: 340	refugeeswelcome: 124	refugee: 78	seenotrettung: 61	leavenoonebehind: 57	flüchtlinge: 41	migration: 36	migrants: 34	texas: 32	immigration: 29	
2020-01-14,541,105,100,refugees: 340	refugeeswelcome: 94	refugee: 91	leavenoonebehind: 58	flüchtlinge: 55	asylumseekers: 51	immigration: 37	texas: 22	migration: 22	standwithrefugees: 19	
2020-01-15,606,107,118,refugees: 341	refugeeswelcome: 173	refugee: 123	leavenoonebehind: 61	flüchtlinge: 41	immigration: 29	seenotrettung: 26	migrants: 23	standwithrefugees: 22	asylumseekers: 20	
2020-01-16,444,71,113,refugees: 292	refugeeswelcome: 96	refugee: 83	leavenoonebehind: 50	flüchtlinge: 39	asylumseekers: 27	seenotrettung: 26	immigration: 21	humanrights: 21	migrants: 19	
2020-01-17,410,68,94,refugees: 259	refugee: 95	refugeeswelcome: 67	leavenoonebehind: 38	seenotrettung: 30	humanrights: 25	flüchtlinge: 25	asylumseekers: 24	migrants: 21	immigration: 19	
2020-01-18,304,76,93,refugees: 193	refugeeswelcome: 69	refugee: 59	flüchtlinge: 47	leavenoonebehind: 30	immigration: 25	seenotrettung: 24	asylumseekers: 19	eu: 17	syria: 16	
2020-01-19,369,69,78,refugees: 189	refugeeswelcome: 127	refugee: 61	flüchtlinge: 47	canada: 29	leavenoonebehind: 29	immigration: 20	scrap37: 20	syria: 19	seenotrettung: 19	
2020-01-20,570,93,87,refugees: 330	refugeeswelcome: 141	refugee: 90	leavenoonebehind: 57	flüchtlinge: 55	seenotrettung: 46	migrants: 30	humanrights: 27	climate: 24	righttoreunite: 24	
2020-01-21,814,78,117,refugeeswelcome: 448	scrap37: 346	refugees: 299	refugee: 80	leavenoonebehind: 79	seenotrettung: 32	flüchtlinge: 31	migration: 29	climatechange: 24	immigration: 23	
2020-01-22,870,96,101,refugeeswelcome: 476	scrap37: 352	refugees: 293	refugee: 104	leavenoonebehind: 71	flüchtlinge: 37	migrants: 29	migration: 29	asylumseekers: 20	seenotrettung: 18	
2020-01-23,502,88,137,refugees: 294	refugee: 137	refugeeswelcome: 106	leavenoonebehind: 75	humanrights: 59	rohingya: 56	genocide: 54	myanmar: 53	icj: 48	rohingyas: 47	
2020-01-24,504,90,103,refugees: 249	leavenoonebehind: 124	refugeeswelcome: 105	refugee: 91	flüchtlinge: 59	educationday: 39	education: 33	asylumseekers: 26	beatntds: 25	sdg4: 21	
2020-01-25,307,72,84,refugees: 166	refugee: 72	refugeeswelcome: 57	leavenoonebehind: 45	seenotrettung: 34	flüchtlinge: 31	asylumseekers: 20	immigration: 20	gloucester: 18	gloucestershire: 18	
2020-01-26,286,69,72,refugees: 179	refugeeswelcome: 69	refugee: 62	flüchtlinge: 28	leavenoonebehind: 25	seenotrettung: 19	asylumseekers: 13	genocide: 13	exiteu: 12	immigration: 11	
2020-01-27,429,62,72,refugees: 247	refugeeswelcome: 111	refugee: 69	leavenoonebehind: 51	migrants: 29	immigration: 24	flüchtlinge: 22	holocaustmemorialday: 21	seenotrettung: 21	asylumseekers: 19	
2020-01-28,516,83,120,refugees: 312	refugee: 95	refugeeswelcome: 86	leavenoonebehind: 73	flüchtlinge: 44	asylumseekers: 38	seenotrettung: 30	migrants: 22	immigration: 20	auspol: 20	
2020-01-29,534,84,96,refugees: 308	refugee: 110	leavenoonebehind: 89	asylumseekers: 63	refugeeswelcome: 55	seenotrettung: 36	migrants: 29	flüchtlinge: 28	rohingya: 23	sdgs: 23	
2020-01-30,606,88,128,refugees: 277	leavenoonebehind: 181	refugee: 107	refugeeswelcome: 82	beatntds: 51	flüchtlinge: 50	asylumseekers: 41	seenotrettung: 39	twendekazinasdgs: 36	migrants: 30	
2020-01-31,473,61,111,refugees: 223	refugeeswelcome: 112	refugee: 85	leavenoonebehind: 63	seenotrettung: 45	asylumseekers: 36	migrants: 28	flüchtlinge: 27	brexit50p: 23	fiftypeesforrefugees: 23	
2020-02-01,282,64,52,refugees: 149	refugeeswelcome: 62	leavenoonebehind: 44	refugee: 42	seenotrettung: 31	flüchtlinge: 26	eu: 18	migrants: 17	asylumseekers: 15	libya: 15	
2020-02-02,304,56,74,refugees: 170	refugeeswelcome: 54	refugee: 52	leavenoonebehind: 37	flüchtlinge: 33	asylumseekers: 23	eu: 23	seenotrettung: 22	ausopen: 20	sanctionaustralia: 19	
2020-02-03,397,90,94,refugees: 203	refugeeswelcome: 76	refugee: 74	leavenoonebehind: 62	flüchtlinge: 55	seenotrettung: 32	migrants: 28	wirhabenplatz: 28	eu: 23	asylumseekers: 22	
2020-02-04,443,124,107,refugees: 277	leavenoonebehind: 81	refugee: 76	flüchtlinge: 74	refugeeswelcome: 58	seenotrettung: 40	merkel: 26	wirhabenplatz: 25	migrants: 23	migration: 20	
2020-02-05,467,77,100,refugees: 267	refugee: 99	refugeeswelcome: 83	leavenoonebehind: 66	flüchtlinge: 41	asylumseekers: 33	migrants: 21	rohingya: 20	sotu: 18	seenotrettung: 18	
2020-02-06,418,63,97,refugees: 246	refugee: 88	refugeeswelcome: 76	leavenoonebehind: 57	flüchtlinge: 31	asylumseekers: 27	wirhabenplatz: 24	migration: 21	syria: 20	eu: 20	
2020-02-07,431,62,73,refugees: 252	refugee: 80	wirhabenplatz: 76	refugeeswelcome: 51	leavenoonebehind: 49	asylumseekers: 25	immigration: 23	migrants: 21	flüchtlinge: 17	syria: 17	
2020-02-08,707,127,62,wirhabenplatz: 566	evakuierenstattignorieren: 431	refugees: 160	refugeeswelcome: 51	refugee: 45	leavenoonebehind: 38	seebrücke: 33	b0802: 28	griechenland: 26	migrants: 24	
2020-02-09,273,31,56,refugees: 142	refugee: 59	refugeeswelcome: 36	leavenoonebehind: 33	wirhabenplatz: 22	asylumseekers: 19	refugeecrisis: 15	flüchtlinge: 15	greece: 14	seenotrettung: 12	
2020-02-10,445,51,80,refugees: 240	leavenoonebehind: 92	refugee: 71	refugeeswelcome: 67	asylumseekers: 26	flüchtlinge: 24	immigration: 22	migrants: 21	seenotrettung: 21	greece: 19	
2020-02-11,482,51,101,refugees: 257	leavenoonebehind: 118	refugee: 96	refugeeswelcome: 64	asylumseekers: 39	rohingya: 28	flüchtlinge: 22	migrants: 21	syria: 19	youthacshr2020: 19	
2020-02-12,643,64,120,refugees: 266	leavenoonebehind: 202	refugeeswelcome: 158	refugee: 98	acshr2020: 55	flüchtlinge: 40	migrants: 34	asylumseekers: 26	migration: 22	syria: 17	
2020-02-13,581,68,126,refugees: 256	leavenoonebehind: 225	refugee: 100	refugeeswelcome: 92	datamustcapture: 73	olderpersons: 44	flüchtlinge: 36	acshr2020: 36	asylumseekers: 27	refugeecrisis: 19	
2020-02-14,472,66,93,refugees: 248	leavenoonebehind: 104	refugeeswelcome: 99	refugee: 75	asylumseekers: 32	acshr2020: 31	valentinesday: 31	syria: 27	flüchtlinge: 23	sdgs: 21	
2020-02-15,313,41,64,refugees: 181	refugee: 62	refugeeswelcome: 58	leavenoonebehind: 53	asylumseekers: 25	syria: 23	flüchtlinge: 22	immigration: 16	rohingya: 15	migrants: 15	
2020-02-16,286,53,56,refugees: 167	refugeeswelcome: 59	refugee: 42	leavenoonebehind: 34	flüchtlinge: 33	asylumseekers: 25	syria: 18	migrants: 16	immigration: 14	asylum: 14	
2020-02-17,491,71,115,refugees: 262	refugeeswelcome: 119	leavenoonebehind: 79	refugee: 78	refugeesummit: 73	refugeeforum: 61	unsginpakistan: 58	asylumseekers: 40	pakistan: 37	syria: 34	
2020-02-18,496,61,117,refugees: 298	refugee: 103	leavenoonebehind: 80	refugeeswelcome: 76	seenotrettung: 29	syria: 28	asylumseekers: 24	flüchtlinge: 24	migrants: 23	humanrights: 21	
2020-02-19,457,60,116,refugees: 270	refugeeswelcome: 84	refugee: 79	leavenoonebehind: 76	flüchtlinge: 35	asylumseekers: 31	migrants: 24	syria: 23	immigration: 22	seenotrettung: 22	
2020-02-20,471,56,119,refugees: 257	leavenoonebehind: 129	refugee: 91	refugeeswelcome: 69	asylumseekers: 34	flüchtlinge: 34	sdgs: 30	worlddayofsocialjustice: 24	migrants: 23	socialjusticeday: 23	
2020-02-21,426,62,74,refugees: 242	refugeeswelcome: 84	leavenoonebehind: 73	refugee: 67	asylumseekers: 29	migrants: 26	flüchtlinge: 26	seenotrettung: 21	syria: 21	immigration: 20	
2020-02-22,255,37,53,refugees: 164	refugeeswelcome: 53	refugee: 44	leavenoonebehind: 28	genocide: 16	asylumseekers: 15	syria: 13	flüchtlinge: 12	migrants: 12	rohingya: 11	
2020-02-23,256,40,32,refugees: 128	refugee: 46	refugeeswelcome: 36	leavenoonebehind: 32	wirhabenplatz: 21	flüchtlinge: 17	syria: 16	seenotrettung: 16	migrants: 15	moria: 15	
2020-02-24,460,28,91,refugees: 227	leavenoonebehind: 123	refugee: 91	refugeeswelcome: 46	seenotrettung: 42	demokratie: 33	wangerlandsofa: 32	miteinanderreden: 32	friesland: 32	hooksiel: 32	
2020-02-25,498,56,101,refugees: 252	refugee: 112	leavenoonebehind: 107	refugeeswelcome: 72	migration: 53	arfsd2020: 38	women: 36	foreigner: 36	magazine: 34	sdgs: 32	
2020-02-26,504,59,118,refugees: 237	leavenoonebehind: 137	refugee: 120	refugeeswelcome: 73	arfsd2020: 45	sdgs: 37	decadeofaction: 30	migration: 29	migrants: 24	flüchtlinge: 21	
2020-02-27,587,115,149,refugees: 346	refugeeswelcome: 115	refugee: 109	leavenoonebehind: 92	flüchtlinge: 68	turkey: 68	syria: 58	idlib: 51	europe: 50	türkei: 46	
2020-02-28,1119,801,448,refugees: 760	refugeeswelcome: 510	flüchtlinge: 477	turkey: 313	türkei: 298	erdogan: 220	syria: 208	eu: 187	fluechtlinge: 180	idlib: 174	
2020-02-29,900,806,367,refugees: 692	flüchtlinge: 423	refugeeswelcome: 356	erdogan: 313	turkey: 298	greece: 240	türkei: 224	eu: 211	griechenland: 194	fluechtlinge: 190	
2020-03-01,1187,1174,415,refugees: 827	flüchtlinge: 546	refugeeswelcome: 442	greece: 416	turkey: 354	griechenland: 315	eu: 299	erdogan: 275	türkei: 242	istandwithgreece: 232	
2020-03-02,2448,1905,657,refugees: 1230	refugeeswelcome: 1192	griechenland: 935	fluechtlinge: 739	flüchtlinge: 736	greece: 592	eu: 442	turkey: 382	erdogan: 327	istandwithgreece: 305	
2020-03-03,3105,3015,724,wirhabenplatz: 3354	refugees: 1170	refugeeswelcome: 1130	griechenland: 760	flüchtlinge: 491	greece: 458	eu: 450	turkey: 314	fluechtlinge: 307	erdogan: 263	
2020-03-04,1639,1074,433,wirhabenplatz: 884	refugees: 765	refugeeswelcome: 477	griechenland: 394	flüchtlinge: 341	eu: 298	greece: 291	turkey: 224	refugee: 199	fluechtlinge: 176	
2020-03-05,1508,894,403,refugees: 830	wirhabenplatz: 582	refugeeswelcome: 392	flüchtlinge: 379	griechenland: 330	eu: 280	greece: 263	turkey: 205	fluechtlinge: 189	erdogan: 161	
2020-03-06,1389,819,351,refugees: 840	wirhabenplatz: 512	refugeeswelcome: 461	greece: 330	flüchtlinge: 309	griechenland: 276	turkey: 272	eu: 188	fluechtlinge: 175	türkei: 97	
2020-03-07,1121,875,330,refugees: 645	wirhabenplatz: 476	flüchtlinge: 343	refugeeswelcome: 312	greece: 286	fluechtlinge: 257	griechenland: 234	eu: 219	turkey: 170	türkei: 125	
2020-03-08,976,837,295,refugees: 570	flüchtlinge: 322	refugeeswelcome: 295	wirhabenplatz: 262	griechenland: 231	greece: 221	fluechtlinge: 190	eu: 165	turkey: 155	refugee: 126	
2020-03-09,1057,985,384,refugees: 540	wirhabenplatz: 401	flüchtlinge: 366	fluechtlinge: 364	refugeeswelcome: 317	griechenland: 274	eu: 173	greece: 166	refugee: 136	turkey: 117	
2020-03-10,889,509,250,refugees: 542	refugeeswelcome: 209	flüchtlinge: 189	wirhabenplatz: 185	refugee: 152	griechenland: 135	fluechtlinge: 121	greece: 112	eu: 89	turkey: 82	
2020-03-11,736,434,277,refugees: 481	wirhabenplatz: 175	flüchtlinge: 167	refugeeswelcome: 147	refugee: 118	greece: 112	turkey: 96	leavenoonebehind: 95	eu: 82	griechenland: 76	
2020-03-12,666,283,215,refugees: 385	wirhabenplatz: 122	refugeeswelcome: 109	leavenoonebehind: 101	refugee: 94	flüchtlinge: 84	greece: 75	griechenland: 73	coronavirus: 70	eu: 64	
2020-03-13,687,237,191,refugees: 354	refugeeswelcome: 124	wirhabenplatz: 117	flüchtlinge: 96	refugee: 92	coronavirus: 91	leavenoonebehind: 80	covid_19: 76	griechenland: 75	eu: 72	
2020-03-14,464,260,139,refugees: 307	coronavirus: 105	refugeeswelcome: 99	wirhabenplatz: 84	flüchtlinge: 79	corona: 58	refugee: 55	greece: 53	fluechtlinge: 52	wirschaffendas: 49	
2020-03-15,374,238,134,refugees: 201	coronavirus: 94	flüchtlinge: 93	wirhabenplatz: 80	covidー19: 79	wirschaffendas: 79	refugeeswelcome: 75	refugee: 62	covid19: 56	corona: 50	
2020-03-16,576,231,164,refugees: 287	wirhabenplatz: 131	refugeeswelcome: 110	coronavirus: 107	covid19: 97	leavenoonebehind: 92	flüchtlinge: 83	moria: 82	refugee: 80	wirschaffendas: 62	
2020-03-17,1032,265,202,leavenoonebehind: 553	refugees: 362	refugeeswelcome: 130	coronavirus: 128	covid19: 118	flüchtlinge: 92	corona: 92	wirhabenplatz: 91	refugee: 74	wirschaffendas: 56	
2020-03-18,1827,333,234,leavenoonebehind: 1290	refugees: 392	coronavirus: 218	covid19: 211	refugeeswelcome: 186	corona: 145	wirhabenplatz: 128	flüchtlinge: 124	refugee: 105	wirschaffendas: 98	
2020-03-19,1173,209,154,leavenoonebehind: 707	refugees: 329	covid19: 216	coronavirus: 151	refugeeswelcome: 109	wirschaffendas: 91	corona: 83	wirhabenplatz: 68	refugee: 61	oneworldonehumanity: 55	
2020-03-20,1065,196,196,leavenoonebehind: 661	refugees: 312	covid19: 266	coronavirus: 111	covid_19: 100	wirschaffendas: 98	refugeeswelcome: 97	refugee: 76	corona: 74	flüchtlinge: 70	
2020-03-21,1341,184,165,leavenoonebehind: 1017	covid19: 291	wirhabenplatz: 238	refugees: 218	grenzentöten: 166	refugeeswelcome: 145	covid_19: 104	corona: 94	coronavirus: 92	grenzentoeten: 80	
2020-03-22,736,153,104,leavenoonebehind: 468	covid19: 224	refugees: 202	coronavirus: 79	covidー19: 78	wirschaffendas: 70	refugeeswelcome: 68	wirhabenplatz: 48	corona: 46	flüchtlinge: 45	
2020-03-23,895,149,143,leavenoonebehind: 476	refugees: 286	covid19: 282	covidー19: 125	coronavirus: 113	refugee: 78	wirschaffendas: 77	refugeeswelcome: 70	flüchtlinge: 52	wirhabenplatz: 51	
2020-03-24,1029,141,169,leavenoonebehind: 656	covid19: 321	refugees: 279	refugee: 94	coronavirus: 91	refugeeswelcome: 59	wirschaffendas: 57	flüchtlinge: 57	eurobonds: 52	eu: 47	
2020-03-25,1051,172,197,leavenoonebehind: 665	covid19: 289	refugees: 267	moria: 107	coronavirus: 102	eurobonds: 92	corona: 79	flüchtlinge: 79	refugee: 75	refugeeswelcome: 74	
2020-03-26,1002,160,252,leavenoonebehind: 544	refugees: 302	covid19: 256	coronavirus: 137	eurobonds: 111	refugee: 94	covid2019: 78	refugeeswelcome: 77	flüchtlinge: 72	eu: 70	
2020-03-27,1045,228,311,leavenoonebehind: 510	refugees: 352	covid19: 304	coronavirus: 198	eurobonds: 185	refugee: 106	flüchtlinge: 101	eusolidarity: 95	eu: 88	refugeeswelcome: 72	
2020-03-28,787,168,265,leavenoonebehind: 402	refugees: 231	covid19: 221	eurobonds: 193	coronavirus: 110	refugeeswelcome: 81	eu: 67	flüchtlinge: 62	corona: 56	eusolidarity: 54	
2020-03-29,5143,411,361,leavenoonebehind: 4936	wirhabenplatz: 449	refugeeswelcome: 313	europanichtdenleyenüberlassen: 285	covid_19: 250	eurobonds: 231	refugees: 214	covid19: 192	moria: 185	coronavirus: 136	
2020-03-30,975,194,239,leavenoonebehind: 513	refugees: 252	covid19: 251	eurobonds: 156	coronavirus: 138	eusolidarity: 113	refugeeswelcome: 89	covid_19: 77	refugee: 65	flüchtlinge: 62	
2020-03-31,937,174,327,leavenoonebehind: 415	covid19: 326	refugees: 296	eurobonds: 277	coronavirus: 159	eu: 105	refugee: 90	refugeeswelcome: 79	asylumseekers: 76	corona: 69	
2020-04-01,938,155,291,leavenoonebehind: 455	refugees: 294	covid19: 293	eurobonds: 247	coronavirus: 159	covidー19: 88	refugee: 87	eusolidarity: 83	eu: 77	refugeeswelcome: 57	
2020-04-02,1278,241,320,leavenoonebehind: 672	refugees: 394	covid19: 368	eurobonds: 169	coronavirus: 160	eu: 150	flüchtlinge: 134	refugee: 120	asylumseekers: 83	refugeeswelcome: 83	
2020-04-03,1033,209,252,leavenoonebehind: 557	refugees: 274	covid19: 265	eurobonds: 198	coronavirus: 141	eusolidarity: 94	refugee: 91	eu: 88	refugeeswelcome: 84	flüchtlinge: 62	
2020-04-04,849,170,215,leavenoonebehind: 547	refugees: 223	covid19: 177	eurobonds: 133	coronavirus: 89	refugeeswelcome: 68	corona: 61	moria: 59	wirhabenplatz: 58	eu: 54	
2020-04-05,2284,475,303,leavenoonebehind: 1942	wirhabenplatz: 513	eurobonds: 410	coronavirus: 341	coronabonds: 274	weareallinthistogether: 220	moria: 209	refugees: 208	covid19: 193	refugeeswelcome: 144	
2020-04-06,1246,251,316,leavenoonebehind: 766	covid19: 360	eurobonds: 271	refugees: 270	coronavirus: 206	eusolidarity: 162	eu: 117	refugee: 100	covid_19: 100	coronabonds: 94	
2020-04-07,1499,401,476,leavenoonebehind: 1019	covid19: 505	eurobonds: 482	refugees: 267	coronavirus: 198	eusolidarity: 151	refugeeswelcome: 137	coronabonds: 136	moria: 121	eu: 118	
2020-04-08,1365,487,591,leavenoonebehind: 898	eurobonds: 592	covid19: 357	refugees: 323	coronabonds: 158	coronavirus: 148	moria: 141	eu: 135	eusolidarity: 135	wirhabenplatz: 109	
2020-04-09,1073,262,433,leavenoonebehind: 651	eurobonds: 398	covid19: 277	refugees: 264	coronavirus: 140	eu: 125	eusolidarity: 117	coronabonds: 117	covidー19: 86	refugee: 83	
2020-04-10,805,215,278,leavenoonebehind: 480	eurobonds: 229	refugees: 228	covid19: 219	coronavirus: 113	eu: 91	covidー19: 81	eusolidarity: 78	refugeeswelcome: 69	refugee: 65	
2020-04-11,673,177,196,leavenoonebehind: 449	refugees: 185	eurobonds: 127	covid19: 113	coronavirus: 69	eu: 61	refugeeswelcome: 55	flüchtlinge: 52	refugee: 48	corona: 48	
2020-04-12,751,239,210,leavenoonebehind: 601	refugees: 175	eurobonds: 115	covid19: 97	refugeeswelcome: 86	eu: 70	coronavirus: 69	seenotrettung: 59	moria: 57	flüchtlinge: 53	
2020-04-13,794,227,159,leavenoonebehind: 581	refugees: 224	covid19: 122	refugeeswelcome: 91	coronavirus: 79	eu: 70	seenotrettung: 67	eurobonds: 66	refugee: 64	flüchtlinge: 58	
2020-04-14,905,223,209,leavenoonebehind: 483	refugees: 258	covid19: 201	eurobonds: 108	refugee: 106	coronavirus: 99	flüchtlinge: 87	eusolidarity: 77	seenotrettung: 73	refugeeswelcome: 66	
2020-04-15,906,244,187,leavenoonebehind: 545	refugees: 266	covid19: 194	coronavirus: 89	refugeeswelcome: 84	flüchtlinge: 83	eusolidarity: 71	refugee: 69	eu: 68	moria: 59	
2020-04-16,923,215,201,leavenoonebehind: 499	refugees: 307	covid19: 220	refugee: 115	coronavirus: 113	eusolidarity: 93	refugeeswelcome: 80	eurobonds: 69	flüchtlinge: 67	moria: 61	
2020-04-17,828,180,196,leavenoonebehind: 420	refugees: 265	covid19: 181	coronavirus: 113	eurobonds: 110	eusolidarity: 104	refugee: 84	refugeeswelcome: 69	eu: 67	flüchtlinge: 64	
2020-04-18,807,385,176,leavenoonebehind: 495	refugees: 259	flüchtlinge: 188	eurobonds: 99	covid19: 91	refugeeswelcome: 81	fluechtlinge: 74	moria: 68	covid_19: 65	refugee: 53	
2020-04-19,1858,304,186,leavenoonebehind: 1715	covid19: 582	refugees: 189	europemustact: 120	papersforall: 109	flüchtlinge: 97	wirhabenplatz: 87	eurobonds: 83	europanichtdenleyenüberlassen: 78	moria: 70	
2020-04-20,910,211,227,leavenoonebehind: 546	covid19: 347	refugees: 254	eurobonds: 126	coronavirus: 107	refugee: 88	refugeeswelcome: 73	eusolidarity: 73	flüchtlinge: 72	eu: 53	
2020-04-21,813,141,227,leavenoonebehind: 404	covid19: 272	refugees: 267	eurobonds: 155	refugee: 89	coronavirus: 86	refugeeswelcome: 86	eusolidarity: 60	eu: 54	covidー19: 49	
2020-04-22,898,135,231,leavenoonebehind: 432	covid19: 274	refugees: 272	eurobonds: 139	eusolidarity: 132	coronavirus: 118	refugee: 109	eu: 67	strongertogether: 56	refugeeswelcome: 55	
2020-04-23,1025,149,245,leavenoonebehind: 493	covid19: 304	refugees: 285	eurobonds: 185	eusolidarity: 148	coronavirus: 121	refugee: 99	eu: 79	euvsvirus: 73	refugeeswelcome: 64	
2020-04-24,1039,142,220,leavenoonebehind: 641	covid19: 316	refugees: 278	eusolidarity: 108	eurobonds: 104	fighteverycrisis: 87	refugeeswelcome: 87	refugee: 85	coronavirus: 72	euvsvirus: 67	
2020-04-25,674,137,132,leavenoonebehind: 461	refugees: 174	covid19: 156	eusolidarity: 71	eurobonds: 56	refugeeswelcome: 55	refugee: 50	strongertogether: 46	coronavirus: 44	moria: 42	
2020-04-26,585,215,104,leavenoonebehind: 461	refugees: 159	systemexit: 123	exitracism: 102	covid19: 100	refugeeswelcome: 69	eusolidarity: 59	alerta: 49	nazisblockieren: 47	onlinedemo: 47	
2020-04-27,1245,197,212,leavenoonebehind: 1023	evacuatemoria: 534	refugees: 285	shutdownallcamps: 256	covid19: 219	moria: 93	refugee: 90	refugeeswelcome: 71	corona: 66	coronavirus: 64	
2020-04-28,825,97,129,leavenoonebehind: 359	refugees: 332	covid19: 255	refugee: 116	coronavirus: 69	refugeeswelcome: 65	eusolidarity: 60	asylumseekers: 40	corona: 38	flüchtlinge: 38	
2020-04-29,770,107,123,leavenoonebehind: 435	refugees: 276	covid19: 220	refugee: 93	coronavirus: 51	migrants: 48	refugeeswelcome: 42	eusolidarity: 42	flüchtlinge: 39	wirhabenplatz: 36	
2020-04-30,689,106,113,leavenoonebehind: 376	refugees: 231	covid19: 190	refugee: 85	refugeeswelcome: 60	coronavirus: 41	migrants: 38	asylumseekers: 35	flüchtlinge: 35	eusolidarity: 33	
2020-05-01,779,101,152,leavenoonebehind: 476	refugees: 288	covid19: 135	1mai: 101	refugee: 72	mayday: 55	refugeeswelcome: 52	b0105: 32	eu: 31	eusolidarity: 29	
2020-05-02,492,73,91,leavenoonebehind: 306	refugees: 168	covid19: 68	refugee: 52	refugeeswelcome: 42	rohingya: 33	shutdownlindenstraße: 29	migrants: 22	hb0205: 21	asylumseekers: 20	
2020-05-03,470,72,90,leavenoonebehind: 298	refugees: 179	covid19: 69	refugee: 40	refugeeswelcome: 39	coronavirus: 33	rohingya: 30	migrants: 27	wirhabenplatz: 27	humanrights: 21	
2020-05-04,586,67,91,refugees: 309	leavenoonebehind: 212	covid19: 123	refugee: 66	coronavirus: 40	covidー19: 38	migrants: 37	refugeeswelcome: 37	eusolidarity: 34	rohingya: 32	
2020-05-05,723,117,146,refugees: 350	leavenoonebehind: 289	covid19: 163	refugee: 113	givingtuesdaynow: 98	refugeeswelcome: 56	coronavirus: 47	eurobonds: 44	asylumseekers: 41	flüchtlinge: 40	
2020-05-06,609,98,110,leavenoonebehind: 268	refugees: 252	covid19: 133	refugee: 87	refugeeswelcome: 42	migrants: 35	flüchtlinge: 35	eusolidarity: 35	coronavirus: 29	eurobonds: 24	
2020-05-07,668,79,113,leavenoonebehind: 291	refugees: 266	covid19: 176	refugee: 69	refugeeswelcome: 69	coronavirus: 53	eusolidarity: 50	eu: 33	flüchtlinge: 32	asylumseekers: 29	
2020-05-08,626,111,122,leavenoonebehind: 346	refugees: 221	covid19: 146	refugee: 69	eusolidarity: 61	refugeeswelcome: 51	coronavirus: 35	asylumseekers: 35	eu: 31	8mai: 28	
2020-05-09,611,93,85,leavenoonebehind: 273	eusolidarity: 181	europeday: 177	refugees: 160	strongertogether: 93	covid19: 82	europatag: 56	europeday2020: 55	eu: 42	refugee: 41	
2020-05-10,362,74,66,leavenoonebehind: 187	refugees: 137	covid19: 76	refugee: 48	refugeeswelcome: 44	mothersday: 26	asylumseekers: 20	wirhabenplatz: 19	coronavirus: 18	migrants: 18	
2020-05-11,610,67,103,leavenoonebehind: 277	refugees: 245	covid19: 141	refugee: 83	refugeeswelcome: 60	eusolidarity: 34	migrants: 33	asylumseekers: 30	flüchtlinge: 27	moria: 26	
2020-05-12,628,84,127,refugees: 285	leavenoonebehind: 270	covid19: 164	refugee: 96	asylumseekers: 51	refugeeswelcome: 49	migrants: 40	coronavirus: 37	meawarenessday: 30	flüchtlinge: 29	
2020-05-13,641,86,107,refugees: 274	leavenoonebehind: 259	covid19: 149	refugee: 87	refugeeswelcome: 55	coronavirus: 46	asylumseekers: 45	flüchtlinge: 38	migrants: 35	migration: 28	
2020-05-14,673,82,104,refugees: 312	leavenoonebehind: 251	covid19: 205	refugee: 115	coronavirus: 64	asylumseekers: 61	refugeeswelcome: 58	rohingya: 46	migrants: 37	flüchtlinge: 32	
2020-05-15,745,53,157,refugees: 317	leavenoonebehind: 307	covid19: 204	refugee: 146	rohingya: 75	refugeeswelcome: 62	coronavirus: 62	asylumseekers: 54	bangladesh: 50	migrants: 37	
2020-05-16,447,72,134,leavenoonebehind: 269	refugees: 173	covid19: 99	refugee: 99	nobailoutwithoutchange: 62	greenrecoverynow: 62	peoplebeforeplanes: 61	climatejustice: 61	rohingya: 58	refugeeswelcome: 56	
2020-05-17,398,74,84,leavenoonebehind: 203	refugees: 183	covid19: 77	refugee: 52	refugeeswelcome: 38	asylumseekers: 33	rohingya: 26	coronavirus: 22	auspol: 19	migrants: 19	
2020-05-18,582,95,147,refugees: 244	leavenoonebehind: 227	covid19: 169	refugee: 107	coronavirus: 84	refugeeswelcome: 59	eusolidarity: 56	eurobonds: 42	flüchtlinge: 41	migrants: 34	
2020-05-19,634,165,204,refugees: 276	leavenoonebehind: 268	eurobonds: 167	covid19: 152	refugee: 92	merkel: 89	eu: 88	refugeeswelcome: 55	coronavirus: 53	schuldenunion: 51	
2020-05-20,777,111,157,refugees: 341	leavenoonebehind: 276	covid19: 158	eurobonds: 119	refugee: 87	merkel: 59	refugeeswelcome: 57	covid_19: 52	coronavirus: 41	asylumseekers: 37	
2020-05-21,1105,109,569,eurobonds: 889	strongertogether: 834	greenrecovery: 819	green: 819	recoveryfund: 402	leavenoonebehind: 316	refugees: 285	covid19: 135	refugee: 82	refugeeswelcome: 80	
2020-05-22,803,83,228,leavenoonebehind: 359	strongertogether: 299	eurobonds: 280	refugees: 239	greenrecovery: 236	green: 236	covid19: 110	recoveryfund: 108	refugee: 87	refugeeswelcome: 47	
2020-05-23,751,85,145,leavenoonebehind: 538	refugees: 154	evacuatenow: 100	eurobonds: 90	refugeeswelcome: 65	covid19: 61	strongertogether: 57	greenrecovery: 53	green: 53	refugee: 40	
2020-05-24,419,107,107,leavenoonebehind: 235	refugees: 148	eurobonds: 58	covid19: 50	refugee: 47	refugeeswelcome: 44	eu: 37	b2405: 34	strongertogether: 24	flüchtlinge: 23	
2020-05-25,461,80,114,leavenoonebehind: 199	refugees: 170	covid19: 90	refugee: 66	refugeeswelcome: 56	eurobonds: 49	eu: 42	cohesionpolicy: 38	eusolidarity: 30	wirhabenplatz: 30	
2020-05-26,525,83,114,refugees: 241	leavenoonebehind: 189	covid19: 110	migrants: 61	refugee: 59	eusolidarity: 54	refugeeswelcome: 42	cohesionpolicy: 40	flüchtlinge: 39	eurobonds: 36	
2020-05-27,567,114,134,refugees: 232	leavenoonebehind: 218	covid19: 111	refugee: 108	eurobonds: 57	refugeeswelcome: 55	eu: 54	eusolidarity: 49	merkel: 30	flüchtlinge: 28	
2020-05-28,691,77,125,refugees: 359	leavenoonebehind: 232	covid19: 102	refugee: 66	eusolidarity: 55	refugeeswelcome: 49	migrants: 43	strongertogether: 41	eurobonds: 39	eu: 34	
2020-05-29,514,80,101,refugees: 242	leavenoonebehind: 196	covid19: 96	refugee: 60	eurobonds: 39	refugeeswelcome: 34	asylumseekers: 31	migrants: 29	rohingya: 24	eusolidarity: 23	
2020-05-30,311,70,64,refugees: 136	leavenoonebehind: 135	covid19: 57	refugeeswelcome: 36	refugee: 32	flüchtlinge: 22	asylumseekers: 15	rohingya: 14	eusolidarity: 14	migrants: 14	
2020-05-31,325,66,50,refugees: 141	leavenoonebehind: 124	covid19: 48	refugeeswelcome: 39	refugee: 33	unhcr: 23	eurobonds: 20	flüchtlinge: 17	seenotrettung: 15	humanrights: 15	
2020-06-01,611,57,60,refugeeswelcome: 249	refugees: 206	leavenoonebehind: 141	covid19: 82	refugee: 58	migrants: 30	blacklivesmatter: 21	asylumseekers: 21	eusolidarity: 18	humanrights: 17	
2020-06-02,562,66,216,leavenoonebehind: 413	refugees: 179	helpnrisreturntousa: 179	dontcancelconnectingflights: 164	refugeeswelcome: 94	covid19: 81	refugee: 74	needconnectingflightsfrommaa: 58	rohingya: 30	asylumseekers: 27	
2020-06-03,522,62,110,refugees: 242	leavenoonebehind: 206	covid19: 105	refugee: 83	refugeeswelcome: 81	migrants: 36	asylumseekers: 32	helpnrisreturntousa: 29	coronavirus: 25	dontcancelconnectingflights: 25	
2020-06-04,500,69,92,refugees: 232	leavenoonebehind: 186	covid19: 102	refugee: 83	refugeeswelcome: 70	migrants: 28	blacklivesmatter: 24	eusolidarity: 23	rohingya: 20	humanrights: 18	
2020-06-05,470,44,74,refugees: 201	leavenoonebehind: 185	covid19: 70	refugeeswelcome: 69	refugee: 65	asylumseekers: 27	worldenvironmentday: 23	blacklivesmatter: 19	flüchtlinge: 17	rohingya: 15	
2020-06-06,385,48,64,refugees: 182	leavenoonebehind: 133	refugeeswelcome: 54	covid19: 49	refugee: 44	iran: 37	blacklivesmatter: 30	unhcr: 22	asylumseekers: 19	humanrights: 19	
2020-06-07,300,69,63,refugees: 137	leavenoonebehind: 113	covid19: 51	refugeeswelcome: 46	refugee: 40	blacklivesmatter: 35	rohingya: 21	eu: 21	flüchtlinge: 18	asylumseekers: 18	
2020-06-08,401,41,70,refugees: 195	leavenoonebehind: 131	refugee: 69	covid19: 62	refugeeswelcome: 53	asylumseekers: 18	migrants: 18	humanrights: 14	blacklivesmatter: 14	flüchtlinge: 14	
2020-06-09,554,75,93,refugees: 236	leavenoonebehind: 204	covid19: 111	seenotrettung: 84	refugee: 79	refugeeswelcome: 58	rohingya: 29	asylumseekers: 29	scheuer: 24	flüchtlinge: 24	
2020-06-10,524,85,77,refugees: 213	leavenoonebehind: 206	covid19: 106	refugee: 68	refugeeswelcome: 59	seenotrettung: 52	flüchtlinge: 41	asylumseekers: 37	migrants: 31	rohingya: 18	
2020-06-11,550,74,103,refugees: 233	leavenoonebehind: 188	covid19: 84	refugeeswelcome: 75	asylumseekers: 74	refugee: 70	seenotrettung: 37	blacklivesmatter: 33	migrants: 25	flüchtlinge: 24	
2020-06-12,515,48,69,refugees: 226	leavenoonebehind: 165	covid19: 81	refugee: 75	refugeeswelcome: 65	asylumseekers: 39	humanrights: 27	refugeeweek2020: 24	rohingya: 23	migrants: 22	
2020-06-13,465,56,46,refugees: 213	leavenoonebehind: 164	refugee: 69	refugeeswelcome: 57	covid19: 47	manus: 33	nauru: 33	syria: 29	love: 27	afghanistan: 26	
2020-06-14,361,76,55,refugees: 161	leavenoonebehind: 133	refugeeswelcome: 55	refugee: 42	covid19: 41	flüchtlinge: 34	unteilbar: 34	blacklivesmatter: 31	sogehtsolidarisch: 30	asylumseekers: 27	
2020-06-15,736,75,108,refugees: 352	leavenoonebehind: 197	refugeeweek2020: 143	refugeeswelcome: 112	refugee: 111	covid19: 92	refugeeweek: 74	seenotrettung: 46	worldrefugeeday: 45	asylumseekers: 44	
2020-06-16,756,84,80,refugees: 369	leavenoonebehind: 194	refugee: 140	refugeeweek2020: 121	refugeeswelcome: 112	covid19: 74	worldrefugeeday: 72	refugeeweek: 58	asylumseekers: 32	flüchtlinge: 29	
2020-06-17,871,88,102,refugees: 418	refugeeswelcome: 209	leavenoonebehind: 190	refugee: 168	refugeeweek2020: 127	covid19: 94	worldrefugeeday: 69	refugeeweek: 63	asylumseekers: 42	migrants: 38	
2020-06-18,980,68,103,refugees: 510	refugeeswelcome: 191	refugee: 182	worldrefugeeday: 151	leavenoonebehind: 139	refugeeweek2020: 128	covid19: 113	refugeeweek: 55	wrd2020: 47	withrefugees: 44	
2020-06-19,1363,68,151,refugees: 934	worldrefugeeday: 599	fintech: 303	finclusion: 303	refugee: 195	leavenoonebehind: 193	covid19: 153	refugeeswelcome: 119	refugeeweek2020: 116	refugeeweek: 62	
2020-06-20,2707,117,148,refugees: 1639	worldrefugeeday: 1609	refugee: 538	refugeeswelcome: 458	worldrefugeeday2020: 292	leavenoonebehind: 291	refugeeday: 270	withrefugees: 255	covid19: 230	refugeeweek2020: 127	
2020-06-21,635,159,77,refugees: 309	refugeeswelcome: 147	worldrefugeeday: 141	refugee: 119	leavenoonebehind: 105	covid19: 58	stuttgart: 58	refugeeweek2020: 50	flüchtlinge: 47	refugeeday: 36	
2020-06-22,678,154,109,refugees: 356	leavenoonebehind: 147	refugee: 125	refugeeswelcome: 118	covid19: 95	worldrefugeeday: 74	asylumseekers: 56	flüchtlinge: 37	wirschaffendas: 36	withrefugees: 31	
2020-06-23,631,94,97,refugees: 343	leavenoonebehind: 145	refugee: 130	refugeeswelcome: 83	covid19: 67	asylumseekers: 41	worldrefugeeday: 35	flüchtlinge: 34	migrants: 28	seenotrettung: 24	
2020-06-24,585,111,96,refugees: 287	leavenoonebehind: 171	refugeeswelcome: 98	refugee: 94	covid19: 61	flüchtlinge: 41	rohingya: 28	asylumseekers: 26	eu: 21	worldrefugeeday: 20	
2020-06-25,579,84,110,refugees: 334	leavenoonebehind: 126	refugee: 88	asylumseekers: 81	covid19: 70	refugeeswelcome: 64	flüchtlinge: 37	immigration: 35	aacovidwarrior: 29	migrants: 23	
2020-06-26,727,136,90,refugees: 360	refugeeswelcome: 158	leavenoonebehind: 156	asylumseekers: 109	refugee: 93	covid19: 65	glasgow: 58	deportallrefugees: 40	migrants: 36	rohingya: 28	
2020-06-27,443,76,49,refugees: 187	refugeeswelcome: 101	leavenoonebehind: 90	asylumseekers: 63	refugee: 61	covid19: 48	glasgow: 33	rohingya: 21	migrants: 18	seenotrettung: 16	
2020-06-28,327,58,60,refugees: 159	leavenoonebehind: 82	refugeeswelcome: 59	asylumseekers: 56	covid19: 56	refugee: 51	humanrights: 18	rohingya: 17	flüchtlinge: 17	seenotrettung: 17	
2020-06-29,485,62,86,refugees: 257	leavenoonebehind: 125	refugee: 89	covid19: 76	asylumseekers: 51	refugeeswelcome: 44	seenotrettung: 37	humanrights: 23	coronavirus: 18	syria: 17	
2020-06-30,591,62,131,refugees: 291	refugee: 174	leavenoonebehind: 122	covid19: 77	refugeeswelcome: 66	asylumseekers: 63	syria: 38	syriaconf2020: 35	flüchtlinge: 33	migrants: 28	
2020-07-01,518,91,109,refugees: 213	leavenoonebehind: 177	refugee: 111	refugeeswelcome: 69	asylumseekers: 67	covid19: 52	seenotrettung: 31	flüchtlinge: 29	eu: 24	coronavirus: 22	
2020-07-02,552,78,88,refugees: 263	leavenoonebehind: 162	refugee: 96	covid19: 77	refugeeswelcome: 72	asylumseekers: 67	auspol: 29	seenotrettung: 25	migrants: 24	flüchtlinge: 23	
2020-07-03,491,69,90,refugees: 300	rohingya: 111	leavenoonebehind: 111	refugeeswelcome: 70	refugee: 62	asylumseekers: 43	covid19: 42	flüchtlinge: 35	auspol: 24	seenotrettung: 22	
2020-07-04,359,82,48,refugees: 175	leavenoonebehind: 79	refugeeswelcome: 69	refugee: 47	seenotrettung: 39	rohingya: 38	covid19: 36	flüchtlinge: 34	oceanviking: 25	asylumseekers: 21	
2020-07-05,269,73,63,refugees: 152	leavenoonebehind: 75	refugeeswelcome: 41	flüchtlinge: 32	refugee: 28	seenotrettung: 25	asylumseekers: 23	covid19: 21	migrants: 18	rohingya: 15	
2020-07-06,458,63,78,refugees: 222	leavenoonebehind: 124	refugee: 85	covid19: 61	refugeeswelcome: 48	seenotrettung: 34	asylumseekers: 29	migrants: 27	flüchtlinge: 25	humanrights: 20	
2020-07-07,559,120,137,refugees: 255	leavenoonebehind: 203	seenotrettung: 102	refugee: 91	covid19: 79	refugeeswelcome: 48	asylumseekers: 42	eu: 39	turkey: 38	seehofer: 35	
2020-07-08,530,107,96,refugees: 232	leavenoonebehind: 182	covid19: 101	refugee: 94	seenotrettung: 60	asylumseekers: 52	flüchtlinge: 50	refugeeswelcome: 41	hlpf2020: 34	eu: 29	
2020-07-09,573,96,93,refugees: 282	leavenoonebehind: 164	covid19: 90	refugee: 86	asylumseekers: 77	refugeeswelcome: 64	seenotrettung: 51	flüchtlinge: 25	auspol: 23	hlpf2020: 23	
2020-07-10,435,63,60,refugees: 210	leavenoonebehind: 133	refugee: 78	covid19: 69	refugeeswelcome: 54	asylumseekers: 38	flüchtlinge: 28	auspol: 17	hlpf2020: 16	migrants: 14	
2020-07-11,310,74,41,refugees: 153	leavenoonebehind: 74	refugeeswelcome: 52	refugee: 50	asylumseekers: 39	covid19: 39	flüchtlinge: 32	migrants: 15	eu: 13	seenotrettung: 13	
2020-07-12,241,104,44,refugees: 142	leavenoonebehind: 54	refugee: 41	flüchtlinge: 40	refugeeswelcome: 38	covid19: 31	asylumseekers: 19	remigration: 17	fluechtlinge: 16	auspol: 15	
2020-07-13,457,71,87,refugees: 215	leavenoonebehind: 160	refugee: 84	covid19: 66	refugeeswelcome: 63	hlpf2020: 54	asylumseekers: 30	flüchtlinge: 29	kenyavnr2020: 29	decadeofactiononsdgs: 27	
2020-07-14,477,66,83,refugees: 207	leavenoonebehind: 145	refugee: 90	refugeeswelcome: 75	covid19: 64	asylumseekers: 42	flüchtlinge: 27	seenotrettung: 25	asylum: 22	migrants: 21	
2020-07-15,464,43,90,refugees: 219	leavenoonebehind: 142	refugee: 83	refugeeswelcome: 71	covid19: 51	asylumseekers: 48	flüchtlinge: 19	hlpf2020: 18	seenotrettung: 16	sdgs: 16	
2020-07-16,460,53,95,leavenoonebehind: 201	refugees: 193	refugee: 79	covid19: 66	refugeeswelcome: 47	asylumseekers: 34	sdgs: 27	hlpf2020: 25	seenotrettung: 24	flüchtlinge: 16	
2020-07-17,440,76,64,refugees: 188	leavenoonebehind: 164	refugee: 82	covid19: 61	refugeeswelcome: 49	migrants: 21	flüchtlinge: 18	asylumseekers: 17	sdgs: 17	syria: 17	
2020-07-18,320,94,72,refugees: 160	leavenoonebehind: 121	refugeeswelcome: 46	schuldenunion: 42	covid19: 42	refugee: 40	eu: 35	mandeladay: 33	endpoverty: 32	mandeladay2020: 32	
2020-07-19,287,123,62,refugees: 182	leavenoonebehind: 55	refugee: 48	refugeeswelcome: 41	covid19: 35	flüchtlinge: 31	asylumseekers: 30	7yearstoolong: 27	auspol: 25	eu: 24	
2020-07-20,403,122,81,refugees: 207	leavenoonebehind: 103	refugee: 81	refugeeswelcome: 59	covid19: 50	schuldenunion: 44	eu: 28	flüchtlinge: 26	seenotrettung: 26	eugipfel: 24	
2020-07-21,423,234,182,refugees: 274	schuldenunion: 224	leavenoonebehind: 100	eu: 86	idps: 81	refugee: 74	covid19: 59	merkel: 51	refugeeswelcome: 48	transferunion: 48	
2020-07-22,528,176,156,refugees: 298	schuldenunion: 128	refugee: 119	leavenoonebehind: 107	covid19: 68	eu: 66	refugeeswelcome: 54	asylumseekers: 50	migrants: 47	migration: 44	
2020-07-23,541,127,127,refugees: 295	leavenoonebehind: 158	refugeeswelcome: 84	refugee: 81	covid19: 78	asylumseekers: 49	seenotrettung: 44	flüchtlinge: 39	canada: 32	migrants: 31	
2020-07-24,495,86,128,refugees: 255	leavenoonebehind: 133	refugeeswelcome: 88	refugee: 82	covid19: 67	asylumseekers: 66	auspol: 38	humanrights: 37	flüchtlinge: 36	migration: 32	
2020-07-25,346,76,49,refugees: 135	refugeeswelcome: 113	leavenoonebehind: 80	repealtheban: 75	nobanact: 75	refugee: 50	covid19: 32	seenotrettung: 31	asylumseekers: 22	flüchtlinge: 20	
2020-07-26,339,80,48,refugees: 131	refugeeswelcome: 99	leavenoonebehind: 66	refugee: 64	repealtheban: 52	nobanact: 52	seenotrettung: 35	covid19: 24	flüchtlinge: 23	migrants: 22	
2020-07-27,416,73,92,refugees: 217	refugee: 84	leavenoonebehind: 82	refugeeswelcome: 71	covid19: 51	seenotrettung: 35	flüchtlinge: 33	rohingya: 21	asylumseekers: 20	refugeecrisis: 17	
2020-07-28,414,114,68,refugees: 203	leavenoonebehind: 112	refugee: 109	refugeeswelcome: 71	covid19: 58	flüchtlinge: 26	tommyrobinson: 24	migrants: 23	asylumseekers: 22	eu: 19	
2020-07-29,448,120,69,refugees: 241	leavenoonebehind: 126	refugee: 81	refugeeswelcome: 74	covid19: 53	flüchtlinge: 38	seenotrettung: 37	migrants: 36	asylumseekers: 32	asylum: 19	
2020-07-30,559,166,96,refugees: 207	leavenoonebehind: 185	refugeeswelcome: 102	refugee: 92	seenotrettung: 77	flüchtlinge: 74	covid19: 56	seehofer: 53	asylumseekers: 35	migrants: 35	
2020-07-31,466,201,93,seenotrettung: 179	refugees: 174	leavenoonebehind: 155	refugee: 65	flüchtlinge: 62	covid19: 58	refugeeswelcome: 57	asylumseekers: 42	merz: 25	migrants: 23	
2020-08-01,261,99,54,refugees: 134	leavenoonebehind: 68	seenotrettung: 48	refugeeswelcome: 45	refugee: 42	flüchtlinge: 35	covid19: 25	migrants: 22	asylumseekers: 20	eu: 14	
2020-08-02,240,88,42,refugees: 98	leavenoonebehind: 73	seenotrettung: 51	refugee: 47	refugeeswelcome: 31	covid19: 24	flüchtlinge: 23	migrants: 16	asylumseekers: 12	humanrights: 9	
2020-08-03,320,88,69,refugees: 147	leavenoonebehind: 76	seenotrettung: 65	refugee: 50	refugeeswelcome: 45	covid19: 41	asylumseekers: 33	migrants: 22	flüchtlinge: 19	wirschaffendas: 14	
2020-08-04,423,135,73,refugees: 208	leavenoonebehind: 120	refugeeswelcome: 80	moria: 66	refugee: 63	covid19: 54	laschet: 51	flüchtlinge: 47	asylumseekers: 47	seenotrettung: 45	
2020-08-05,407,71,56,refugees: 197	leavenoonebehind: 97	refugee: 82	asylumseekers: 55	refugeeswelcome: 54	covid19: 43	unhcr: 42	malaysia: 36	flüchtlinge: 27	seenotrettung: 22	
2020-08-06,415,63,59,refugees: 207	leavenoonebehind: 89	refugeeswelcome: 70	refugee: 67	seenotrettung: 62	covid19: 51	asylumseekers: 44	migrants: 31	seawatch4: 31	children: 17	
2020-08-07,509,143,83,refugees: 265	refugeeswelcome: 159	leavenoonebehind: 113	refugee: 57	asylumseekers: 52	flüchtlinge: 48	covid19: 37	seehofer: 34	seenotrettung: 32	migrants: 31	
2020-08-08,717,120,88,refugees: 418	refugeeswelcome: 383	asylumseekers: 80	unhcr: 74	peace: 71	malaysia: 69	love: 68	help: 68	leavenoonebehind: 67	community: 67	
2020-08-09,2093,327,85,refugeeswelcome: 1936	refugees: 390	asylumseekers: 102	refugee: 93	unhcr: 81	malaysia: 77	migrants: 76	help: 76	community: 75	love: 75	
2020-08-10,1191,178,101,refugeeswelcome: 692	refugees: 453	asylumseekers: 151	refugee: 118	leavenoonebehind: 79	covid19: 74	children: 60	migrants: 60	unhcr: 55	community: 53	
2020-08-11,1870,230,145,refugeeswelcome: 1204	refugees: 765	asylumseekers: 194	unhcr: 123	community: 116	malaysia: 113	leavenoonebehind: 112	help: 111	peace: 109	love: 109	
2020-08-12,1223,167,134,refugeeswelcome: 648	refugees: 497	asylumseekers: 143	leavenoonebehind: 140	refugee: 112	migrants: 75	covid19: 71	benandjerrys: 48	uk: 35	flüchtlinge: 32	
2020-08-13,932,107,79,refugeeswelcome: 553	refugees: 307	safepassage: 168	asylumseekers: 106	leavenoonebehind: 97	refugee: 80	unhcr: 60	malaysia: 54	community: 50	covid19: 49	
2020-08-14,770,106,97,refugeeswelcome: 359	refugees: 277	asylumseekers: 106	leavenoonebehind: 92	refugee: 82	safepassage: 73	covid19: 45	unhcr: 43	malaysia: 39	seenotrettung: 39	
2020-08-15,636,127,69,refugees: 300	refugeeswelcome: 289	unhcr: 113	malaysia: 109	leavenoonebehind: 76	seenotrettung: 71	community: 70	asylumseekers: 57	refugee: 55	help: 53	
2020-08-16,668,146,59,refugees: 341	refugeeswelcome: 316	unhcr: 132	malaysia: 128	seenotrettung: 103	community: 87	asylumseekers: 71	help: 62	peace: 61	leavenoonebehind: 54	
2020-08-17,780,105,72,refugeeswelcome: 424	refugees: 294	safepassage: 210	leavenoonebehind: 70	refugee: 70	asylumseekers: 61	unhcr: 48	covid19: 45	migrants: 44	flüchtlinge: 42	
2020-08-18,677,64,78,refugees: 323	refugeeswelcome: 279	leavenoonebehind: 97	malaysia: 89	unhcr: 88	refugee: 74	community: 68	asylumseekers: 62	seenotrettung: 52	covid19: 49	
2020-08-19,1163,186,106,refugeeswelcome: 553	refugees: 487	refugee: 147	leavenoonebehind: 135	worldhumanitarianday: 98	covid19: 75	unhcr: 75	migrants: 74	malaysia: 68	asylumseekers: 67	
2020-08-20,890,165,147,refugees: 366	refugeeswelcome: 346	leavenoonebehind: 195	refugee: 136	asylumseekers: 118	unhcr: 95	malaysia: 85	atuinnovationchallenge: 61	covid19: 59	help: 57	
2020-08-21,824,102,100,refugeeswelcome: 431	refugees: 295	leavenoonebehind: 130	refugee: 86	asylumseekers: 75	covid19: 55	migrants: 35	seenotrettung: 35	unhcr: 30	malaysia: 26	
2020-08-22,498,91,54,refugeeswelcome: 258	refugees: 230	unhcr: 79	malaysia: 76	help: 72	children: 71	peace: 70	love: 67	leavenoonebehind: 65	un: 63	
2020-08-23,392,122,70,refugees: 190	refugeeswelcome: 174	leavenoonebehind: 60	refugee: 39	seenotrettung: 37	covid19: 31	asylumseekers: 28	merkel: 26	unhcr: 25	flüchtlinge: 25	
2020-08-24,563,127,81,refugees: 283	refugeeswelcome: 150	leavenoonebehind: 89	refugee: 79	seenotrettung: 68	unhcr: 62	malaysia: 60	seawatch4: 42	covid19: 40	asylumseekers: 33	
2020-08-25,639,104,102,refugees: 312	refugeeswelcome: 191	leavenoonebehind: 115	refugee: 114	unhcr: 74	children: 66	malaysia: 65	covid19: 64	rohingya: 63	help: 63	
2020-08-26,648,86,107,refugees: 331	refugeeswelcome: 163	refugee: 123	leavenoonebehind: 120	asylumseekers: 63	covid19: 53	unhcr: 47	help: 43	children: 43	peace: 39	
2020-08-27,823,131,111,refugees: 408	refugeeswelcome: 379	unhcr: 140	help: 140	children: 139	peace: 134	love: 134	justice: 133	leavenoonebehind: 125	refugee: 114	
2020-08-28,807,144,112,refugees: 311	refugeeswelcome: 239	leavenoonebehind: 147	banksy: 133	refugee: 130	asylumseekers: 108	seenotrettung: 93	covid19: 48	wirschaffendas: 45	hongkong: 35	
2020-08-29,589,133,80,refugees: 242	refugeeswelcome: 232	leavenoonebehind: 87	seenotrettung: 75	banksy: 73	louisemichel: 67	asylumseekers: 66	refugee: 62	swedenriots: 53	wirschaffendas: 32	
2020-08-30,439,134,68,refugees: 233	refugeeswelcome: 130	refugee: 66	asylumseekers: 62	wirschaffendas: 53	leavenoonebehind: 42	seenotrettung: 37	migrants: 31	migration: 27	merkel: 25	
2020-08-31,0,0,10,
